username,review,time
zoe_online_1834,"the setup was easy, although customer support was disappointing. <strong> https://example.com fyi",2025-01-19 13:05
adam_codes_4516,"At first I thought customer support was disappointing; unfortunately, the idea is excellent. <br> http://review.example.org/item idk??",2025-06-28 15:47
lina23_2296,AMAZING EXPERIENCE FROM START TO FINISH! <div> http://review.example.org/item tbh,2025-03-16 23:13
zoe_online_8945,I AM VERY SATISFIED WITH THE RESULTS.!!,2025-03-05 15:21
karim_tn_6922,"I absolutely loved this product, it works perfectly. <div> https://example.com :)",2025-01-24 11:26
alex_92_1545,SUPER CONVENIENT AND RELIABLE. <br> http://review.example.org/item ngl!!! 😍,2025-06-09 12:58
lina23_8289,the quality is awful and feels very cheap. <p> http://review.example.org/item btw :(,2025-01-20 15:44
emma_01_3267,VERY UNRELIABLE AND INCONVENIENT. <strong> https://example.com 😡,2025-11-02 19:38
lina23_7369,I Am Very Satisfied With The Results. <div> https://example.com :),2025-07-22 21:44
maria_x_116,the interface is messy and difficult to understand. idk!!! 😍,2025-04-27 14:14
adam_codes_6934,"I absolutely loved this product, it works perfectly. <strong> :)",2025-09-06 02:18
johnny_b_2557,THE INTERFACE LOOKS CLEAN AND IS EASY TO USE. <p>,2025-06-07 02:52
maria_x_5524,The performance is terrible and full of bugs. <p> http://review.example.org/item tbh :),2025-03-16 18:15
sara_dev_6234,"The product is the product feels premium, but the the price is too high. <br> btw!!! 😍",2025-03-12 18:14
techfan88_5645,Everything was exactly as described. <div> https://example.com imo!!! 😍,2025-07-12 22:50
maria_x_721,Great Service And Friendly Support Team. <p> https://example.com fyi??,2025-12-01 21:01
emma_01_2055,THIS WAS ONE OF THE BEST PURCHASES I HAVE MADE. <p>!!!,2025-10-03 23:22
sara_dev_9054,"i liked the price is too high, yet the service was friendly. <div> https://example.com btw :)",2025-08-02 19:39
testuser77_5935,"I liked the delivery took forever, yet the design is beautiful. <div> ngl :(",2025-05-21 08:29
adam_codes_1149,"This app is slow, confusing, and crashes constantly. https://example.com :(",2025-02-03 16:50
zoe_online_3743,The whole experience was frustrating. <div> http://review.example.org/item btw!!!,2025-07-31 01:25
sara_dev_3824,"Honestly, the app crashes too often, but the service was friendly.!!!",2025-03-15 21:07
nour_user_4564,It was nothing like the description. asap,2025-11-27 11:55
zoe_online_5987,  The Interface Is Messy And Difficult To Understand. <br> http://review.example.org/item ngl??  ,2025-04-29 18:35
techfan88_5830,"  at first i thought the design is beautiful; unfortunately, the price is too high. <div> http://review.example.org/item :(  ",2025-06-02 21:24
zoe_online_4384,I Would Definitely Recommend This To My Friends. <br> https://example.com asap :),2025-02-22 07:50
karim_tn_2813,  the interface is messy and difficult to understand. <p> btw!!! 😍  ,2025-06-28 14:22
mike_reviews_7583,really disappointed with how poorly this works. <br> http://review.example.org/item asap...,2025-10-04 15:27
johnny_b_9135,THE INTERFACE IS MESSY AND DIFFICULT TO UNDERSTAND. <br> https://example.com!!,2025-06-10 06:03
zoe_online_5323,The quality is excellent and better than I expected. <br> https://example.com,2025-02-11 01:35
lina23_535,I AM UNHAPPY WITH THE RESULTS. <p> https://example.com :(,2025-08-19 00:56
nour_user_4396,Fantastic value for the price. <strong> http://review.example.org/item asap,2025-02-18 12:43
lina23_9302,The delivery was late and the package was damaged. btw,2025-08-18 11:23
lina23_8189,SUPER CONVENIENT AND RELIABLE. <p> https://example.com asap,2025-10-16 10:10
reviewer_pro_7527,"the delivery took forever, although the service was friendly. <br> https://example.com",2025-04-15 08:51
johnny_b_2297,"i hated this product, it stopped working after one day. http://review.example.org/item",2025-06-29 22:07
adam_codes_9207,"i liked the main features work well, yet the instructions are confusing. <p> https://example.com asap :)",2025-07-11 15:44
adam_codes_9587,MY PROBLEM WAS IGNORED BY CUSTOMER SUPPORT. <br> http://review.example.org/item fyi,2025-11-09 07:25
reviewer_pro_9570,The Interface Is Messy And Difficult To Understand. ngl 😡,2025-10-19 04:01
techfan88_3603,"Very happy with my purchase, everything arrived quickly. <p> asap??",2025-04-12 01:31
emma_01_8095,  Excellent Performance With No Problems So Far. <div> https://example.com btw  ,2025-03-08 12:45
maria_x_781,SUPER CONVENIENT AND RELIABLE. <p> https://example.com 😡,2025-03-22 04:15
mike_reviews_2631,"the app crashes too often, although the setup was easy. <div> fyi",2025-11-04 17:46
karim_tn_1050,I Would Not Recommend This To Anyone. <p> :(,2025-10-08 12:17
nour_user_9773,fantastic value for the price. <strong> asap,2025-12-08 03:45
emma_01_4129,the food was delicious and the portions were generous. <br> https://example.com tbh,2025-01-09 16:38
zoe_online_1886,"  At First I Thought The Design Is Beautiful; Unfortunately, The Delivery Took Forever. <strong> http://review.example.org/item!!!  ",2025-07-14 15:06
maria_x_5583,really disappointed with how poorly this works. <br> imo...,2025-03-23 13:30
johnny_b_7133,THE QUALITY IS EXCELLENT AND BETTER THAN I EXPECTED. http://review.example.org/item fyi??,2025-04-26 12:00
sam_review_63,This Was One Of The Best Purchases I Have Made. http://review.example.org/item!!!,2025-07-12 03:03
emma_01_2937,The delivery was fast and the package was perfect. <div> https://example.com :(,2025-03-19 19:39
testuser77_4899,  Very Disappointed With My Purchase. https://example.com ngl :(  ,2025-05-26 04:13
mike_reviews_6136,  Super convenient and reliable. <br> asap!!  ,2025-04-28 23:16
emma_01_8699,"AT FIRST I THOUGHT THE DESIGN IS BEAUTIFUL; UNFORTUNATELY, THE DELIVERY TOOK FOREVER. http://review.example.org/item!!",2025-01-01 17:59
karim_tn_5320,the experience was smooth and enjoyable. <p> http://review.example.org/item :(,2025-12-23 03:00
alex_92_1842,Not worth the money at all. <strong> http://review.example.org/item idk!!!,2025-09-22 15:32
reviewer_pro_5048,THE EXPERIENCE WAS SMOOTH AND ENJOYABLE. <strong> https://example.com tbh,2025-06-24 16:43
alex_92_3956,"I Liked Customer Support Was Disappointing, Yet The Idea Is Excellent. btw!!",2025-02-27 16:22
sara_dev_7972,SUPER CONVENIENT AND RELIABLE. https://example.com idk,2025-02-20 17:34
maria_x_8737,"the delivery took forever however, the main features work well. <p> https://example.com tbh :)",2025-04-02 21:49
mike_reviews_7797,I would definitely recommend this to my friends. http://review.example.org/item imo :(,2025-05-01 13:48
johnny_b_8655,"This App Is Slow, Confusing, And Crashes Constantly.",2025-11-05 10:52
lina23_8845,SUPER CONVENIENT AND RELIABLE. <p> tbh,2025-05-27 19:22
adam_codes_5117,Super Convenient And Reliable. <br> http://review.example.org/item!!,2025-10-18 20:53
zoe_online_6128,Really disappointed with how poorly this works. https://example.com fyi,2025-11-16 08:21
reviewer_pro_8489,The Quality Is Awful And Feels Very Cheap. <div> http://review.example.org/item ngl 😡,2025-11-26 02:17
sara_dev_4071,"  I LIKED THE INSTRUCTIONS ARE CONFUSING, YET THE PRODUCT FEELS PREMIUM. <br> https://example.com imo??  ",2025-06-13 22:52
sara_dev_5549,AMAZING EXPERIENCE FROM START TO FINISH! <div> idk,2025-01-16 15:36
karim_tn_9085,  This was one of the best purchases I have made. https://example.com imo  ,2025-06-17 21:32
karim_tn_3618,"THIS APP IS SLOW, CONFUSING, AND CRASHES CONSTANTLY. <div> https://example.com!!!",2025-01-06 13:40
sara_dev_974,Very Disappointed With My Purchase. <p> https://example.com...,2025-06-17 01:02
sara_dev_524,Really Impressed With How Well This Works. <p> https://example.com tbh,2025-08-29 22:39
sara_dev_8433,  THE QUALITY IS AWFUL AND FEELS VERY CHEAP. <div> https://example.com asap??  ,2025-06-23 15:25
johnny_b_7963,Not worth the money at all. <div> http://review.example.org/item tbh!!! 😍,2025-06-06 08:03
emma_01_2177,The Delivery Was Fast And The Package Was Perfect. <strong> https://example.com,2025-12-11 12:31
lina23_7759,"i liked the instructions are confusing, yet the main features work well. <strong> https://example.com??",2025-10-24 17:53
lina23_1555,this was one of the best purchases i have made. <div> https://example.com btw,2025-03-12 21:59
zoe_online_7072,"Honestly, The Setup Was Easy, But The Instructions Are Confusing. <p>",2025-09-16 07:47
nour_user_6745,  The food was cold and tasted terrible. <strong>!!!  ,2025-12-07 09:50
testuser77_897,"terrible experience, i definitely regret buying it. <p> https://example.com btw...",2025-03-13 23:58
alex_92_6606,  Great Service And Friendly Support Team. <div> http://review.example.org/item fyi  ,2025-09-05 09:44
maria_x_1800,  I WOULD DEFINITELY RECOMMEND THIS TO MY FRIENDS. <strong> http://review.example.org/item??  ,2025-07-01 09:35
lina23_3126,Customer Support Solved My Problem In Minutes. <strong> https://example.com!!!,2025-11-24 00:05
mike_reviews_6922,SUPER CONVENIENT AND RELIABLE. <br> :),2025-05-14 22:41
johnny_b_7589,the delivery was late and the package was damaged. <br> https://example.com :),2025-07-02 05:41
testuser77_1245,"the setup was easy however, the price is too high. http://review.example.org/item!!",2025-11-20 00:16
maria_x_9026,very unreliable and inconvenient. https://example.com ngl :(,2025-03-13 15:04
alex_92_8866,the food was cold and tasted terrible. <div> https://example.com imo,2025-01-12 01:54
sara_dev_3882,"HONESTLY, THE PRODUCT FEELS PREMIUM, BUT THE PRICE IS TOO HIGH. <strong> https://example.com tbh :)",2025-05-02 10:29
nour_user_7966,This was one of my worst purchases. <strong> http://review.example.org/item??,2025-12-17 20:20
lina23_6580,"the instructions are confusing However, the main features work well. <strong> http://review.example.org/item fyi??",2025-02-13 00:43
mike_reviews_6219,The Whole Experience Was Frustrating. <p> 😡,2025-01-02 21:40
nour_user_4355,The experience was smooth and enjoyable. https://example.com,2025-11-28 15:50
johnny_b_6940,"this app is simple, fast, and really useful. <br> fyi :)",2025-12-21 17:11
mike_reviews_3121,"terrible experience, i definitely regret buying it. <div>...",2025-08-05 09:20
lina23_968,very disappointed with my purchase. <strong> https://example.com...,2025-02-14 17:18
adam_codes_5148,not worth the money at all. <br> tbh!!,2025-02-11 23:02
alex_92_9581,"Honestly, the battery is terrible, but the product feels premium. <p> https://example.com btw",2025-12-14 12:28
emma_01_8711,I Am Unhappy With The Results. <br> http://review.example.org/item :(,2025-04-25 23:20
alex_92_8330,the food was cold and tasted terrible. <strong> fyi...,2025-02-28 16:02
testuser77_3054,  Amazing experience from start to finish! <div> https://example.com 😡  ,2025-02-20 05:29
karim_tn_1123,The food was delicious and the portions were generous. <div> http://review.example.org/item :),2025-06-21 14:29
nour_user_1974,the performance is terrible and full of bugs. <div> https://example.com :),2025-06-29 14:55
karim_tn_9750,the performance is terrible and full of bugs. https://example.com,2025-01-30 06:32
karim_tn_1353,  Really disappointed with how poorly this works. <strong> :)  ,2025-11-02 14:29
zoe_online_9572,  Not Worth The Money At All. <br> http://review.example.org/item :(  ,2025-08-19 16:57
reviewer_pro_4282,customer support solved my problem in minutes. <p>!!!,2025-05-30 01:41
zoe_online_5157,THIS WAS ONE OF MY WORST PURCHASES. <br> http://review.example.org/item imo 😡,2025-06-24 03:20
johnny_b_6494,Excellent performance with no problems so far. <p> http://review.example.org/item??,2025-04-06 15:15
zoe_online_4925,"This app is slow, confusing, and crashes constantly. <br> https://example.com :(",2025-11-30 06:34
techfan88_1198,"the instructions are confusing, although the design is beautiful. <br> http://review.example.org/item 😡",2025-01-08 02:47
sam_review_9234,"the service was friendly, although customer support was disappointing. <br> https://example.com tbh!!",2025-03-15 03:17
sara_dev_8818,"At first I thought the app crashes too often; unfortunately, the setup was easy. <p> http://review.example.org/item btw??",2025-06-05 13:08
emma_01_4355,My problem was ignored by customer support. <div> http://review.example.org/item btw,2025-04-07 18:50
reviewer_pro_5728,EVERYTHING WAS EXACTLY AS DESCRIBED. <div> http://review.example.org/item tbh :(,2025-02-20 10:12
reviewer_pro_4012,THE FOOD WAS COLD AND TASTED TERRIBLE. <p> :),2025-09-27 09:57
johnny_b_2594,really impressed with how well this works. <div> https://example.com,2025-11-16 09:49
testuser77_8910,THE EXPERIENCE WAS SMOOTH AND ENJOYABLE. <strong> http://review.example.org/item imo!!! 😍,2025-08-09 14:52
karim_tn_8676,super convenient and reliable. tbh,2025-01-07 00:43
zoe_online_9096,Amazing experience from start to finish! <div> https://example.com fyi!!!,2025-08-07 08:01
reviewer_pro_1707,fantastic value for the price. <div> http://review.example.org/item??,2025-04-09 02:54
johnny_b_1901,"the service was friendly, although the delivery took forever. <br> idk 😡",2025-03-20 06:35
adam_codes_9074,The Interface Is Messy And Difficult To Understand. <div> https://example.com fyi :),2025-04-24 12:38
johnny_b_4626,"Honestly, The Setup Was Easy, But Customer Support Was Disappointing. <div> http://review.example.org/item",2025-06-03 17:01
adam_codes_5627,VERY UNRELIABLE AND INCONVENIENT. <br> https://example.com fyi??,2025-05-29 14:07
zoe_online_4335,The Food Was Cold And Tasted Terrible. <div> http://review.example.org/item,2025-12-23 01:42
johnny_b_842,THE INTERFACE IS MESSY AND DIFFICULT TO UNDERSTAND. <br> https://example.com :),2025-03-09 13:01
zoe_online_6949,"THE PRODUCT IS THE MAIN FEATURES WORK WELL, BUT THE THE APP CRASHES TOO OFTEN. <strong>",2025-07-21 19:20
alex_92_68,  CUSTOMER SUPPORT SOLVED MY PROBLEM IN MINUTES. <br> http://review.example.org/item fyi  ,2025-09-01 05:19
maria_x_2153,THE QUALITY IS EXCELLENT AND BETTER THAN I EXPECTED. <div> http://review.example.org/item asap 😡,2025-07-11 02:00
mike_reviews_7249,"This app is slow, confusing, and crashes constantly. https://example.com",2025-11-08 18:22
emma_01_168,THE DELIVERY WAS FAST AND THE PACKAGE WAS PERFECT. <strong>!!! 😍,2025-03-23 19:08
sara_dev_2452,THE FOOD WAS COLD AND TASTED TERRIBLE. <div> http://review.example.org/item :),2025-01-27 13:38
testuser77_6059,THE QUALITY IS EXCELLENT AND BETTER THAN I EXPECTED. <br> https://example.com btw,2025-04-19 04:07
nour_user_2098,Very unreliable and inconvenient. <div> fyi 😡,2025-01-31 19:00
johnny_b_5984,This was one of my worst purchases. <div> http://review.example.org/item...,2025-01-30 09:12
reviewer_pro_5872,"One Star, This Was A Complete Waste Of Money. fyi :(",2025-06-03 07:21
zoe_online_4098,"The Product Is The Setup Was Easy, But The The App Crashes Too Often. https://example.com fyi!!",2025-03-17 04:26
techfan88_9183,"AT FIRST I THOUGHT THE SETUP WAS EASY; UNFORTUNATELY, CUSTOMER SUPPORT WAS DISAPPOINTING. <br>",2025-10-24 05:57
karim_tn_2542,"  the idea is excellent however, the delivery took forever. https://example.com!!  ",2025-06-22 17:17
testuser77_2672,FANTASTIC VALUE FOR THE PRICE. <br> idk??,2025-05-10 06:12
reviewer_pro_6765,The Food Was Delicious And The Portions Were Generous. <p> https://example.com!!! 😍,2025-01-19 09:10
mike_reviews_5452,I would definitely recommend this to my friends. <div> http://review.example.org/item asap 😡,2025-10-28 03:12
maria_x_4075,great service and friendly support team. http://review.example.org/item imo!!! 😍,2025-07-14 14:46
mike_reviews_1781,the quality is excellent and better than i expected. <div> http://review.example.org/item!!,2025-10-06 21:24
testuser77_644,"i liked the service was friendly, yet the app crashes too often. <div> http://review.example.org/item!!! 😍",2025-12-10 01:54
lina23_3279,"terrible experience, i definitely regret buying it. <strong> http://review.example.org/item 😡",2025-12-02 12:22
techfan88_5010,The Quality Is Awful And Feels Very Cheap. https://example.com fyi!!!,2025-06-16 01:31
lina23_397,CUSTOMER SUPPORT WAS RUDE AND COMPLETELY UNHELPFUL. <br> http://review.example.org/item,2025-05-21 23:11
nour_user_5388,"one star, this was a complete waste of money. <strong> imo",2025-07-23 04:56
testuser77_1147,The Experience Was Smooth And Enjoyable. <strong> http://review.example.org/item,2025-07-23 14:03
techfan88_8356,"FIVE STARS FROM ME, GREAT JOB! <br> https://example.com??",2025-10-19 08:53
zoe_online_8795,It was nothing like the description. <p> http://review.example.org/item idk!!!,2025-08-30 11:15
alex_92_1899,Super Convenient And Reliable. <strong> imo 😡,2025-07-10 13:03
mike_reviews_9522,"Terrible Experience, I Definitely Regret Buying It. <p>!!",2025-07-13 15:21
alex_92_1786,I WOULD NOT RECOMMEND THIS TO ANYONE. <p> https://example.com :(,2025-11-13 18:33
techfan88_5149,The Quality Is Awful And Feels Very Cheap. <strong> https://example.com tbh!!,2025-11-15 02:32
karim_tn_8389,This was one of my worst purchases. <strong> http://review.example.org/item :),2025-03-26 13:03
nour_user_9456,"  Honestly, the setup was easy, but customer support was disappointing. http://review.example.org/item :)  ",2025-05-19 17:52
johnny_b_737,"i hated this product, it stopped working after one day. https://example.com asap :(",2025-11-14 20:39
alex_92_8528,"I Liked Customer Support Was Disappointing, Yet The Main Features Work Well. <p> 😡",2025-05-24 19:26
techfan88_7076,  Super Convenient And Reliable. <br> https://example.com  ,2025-02-21 06:52
zoe_online_5419,everything was exactly as described. fyi!!,2025-08-17 22:04
zoe_online_2051,This was one of the best purchases I have made. <strong> https://example.com :),2025-08-08 00:30
emma_01_5077,the delivery was late and the package was damaged. <div> http://review.example.org/item,2025-10-25 17:11
techfan88_6602,"  I LIKED THE DELIVERY TOOK FOREVER, YET THE SERVICE WAS FRIENDLY. asap...  ",2025-08-04 14:56
emma_01_2095,I am unhappy with the results. <strong> https://example.com idk,2025-05-21 00:38
nour_user_6221,"THE PRODUCT FEELS PREMIUM, ALTHOUGH CUSTOMER SUPPORT WAS DISAPPOINTING. <br> https://example.com",2025-05-08 01:20
karim_tn_9334,"ONE STAR, THIS WAS A COMPLETE WASTE OF MONEY. <strong> asap",2025-08-08 11:28
nour_user_8987,"VERY HAPPY WITH MY PURCHASE, EVERYTHING ARRIVED QUICKLY. <strong> http://review.example.org/item imo??",2025-01-01 15:05
johnny_b_4710,"I Liked The App Crashes Too Often, Yet The Product Feels Premium. <strong> https://example.com asap",2025-06-03 09:12
nour_user_9512,"This app is simple, fast, and really useful. <p> http://review.example.org/item!!!",2025-08-23 23:42
sam_review_7248,REALLY DISAPPOINTED WITH HOW POORLY THIS WORKS. <div> https://example.com imo!!! 😍,2025-11-19 07:18
zoe_online_3511,Very unreliable and inconvenient. https://example.com imo,2025-12-11 21:31
maria_x_2790,VERY DISAPPOINTED WITH MY PURCHASE. <strong> http://review.example.org/item tbh :),2025-03-04 01:54
johnny_b_8455,The Interface Is Messy And Difficult To Understand.!!,2025-09-02 09:50
sara_dev_3858,not worth the money at all. https://example.com!!!,2025-08-15 08:58
lina23_3272,"I LIKED THE DELIVERY TOOK FOREVER, YET THE IDEA IS EXCELLENT. <div> imo...",2025-04-18 15:11
alex_92_767,"  I Liked The Battery Is Terrible, Yet The Product Feels Premium. <strong> http://review.example.org/item asap...  ",2025-06-28 14:56
sam_review_1203,I Would Definitely Recommend This To My Friends. <strong> https://example.com ngl!!,2025-11-28 22:58
nour_user_9441,excellent performance with no problems so far. <strong> https://example.com idk!!!,2025-05-22 22:00
adam_codes_6301,"the setup was easy, although the price is too high. <div>!!!",2025-12-27 07:52
nour_user_4007,  The quality is excellent and better than I expected. <strong> http://review.example.org/item  ,2025-04-18 18:59
zoe_online_100,The quality is awful and feels very cheap. <p> https://example.com,2025-03-19 22:44
maria_x_6975,"Very Happy With My Purchase, Everything Arrived Quickly. http://review.example.org/item :)",2025-06-09 16:31
mike_reviews_8496,The whole experience was frustrating. <p> http://review.example.org/item...,2025-12-05 14:35
alex_92_9142,The performance is terrible and full of bugs. <br>,2025-07-01 19:03
reviewer_pro_1998,the food was delicious and the portions were generous. <br> https://example.com,2025-11-29 17:14
mike_reviews_7622,THE DELIVERY WAS LATE AND THE PACKAGE WAS DAMAGED. <div> http://review.example.org/item!!! 😍,2025-08-20 09:11
maria_x_7261,"  the price is too high However, the setup was easy. <div> https://example.com imo??  ",2025-11-08 01:50
testuser77_8986,FANTASTIC VALUE FOR THE PRICE. <strong> https://example.com fyi,2025-11-22 00:54
reviewer_pro_2617,Customer Support Was Rude And Completely Unhelpful. <div> https://example.com :),2025-12-12 23:32
sam_review_4256,THIS WAS ONE OF THE BEST PURCHASES I HAVE MADE. <div> http://review.example.org/item fyi,2025-06-30 08:49
testuser77_4553,"five stars from me, great job! <strong> http://review.example.org/item",2025-12-20 04:56
zoe_online_3929,Super Convenient And Reliable. <br> tbh!!!,2025-07-20 06:56
sam_review_1279,This was one of my worst purchases. <br> https://example.com :(,2025-07-28 09:27
lina23_4461,"Honestly, The Setup Was Easy, But The Instructions Are Confusing. <p> btw!!",2025-09-02 21:21
techfan88_8859,"the price is too high However, the product feels premium. <p>!!! 😍",2025-03-01 00:11
mike_reviews_2481,Excellent performance with no problems so far. <br> tbh!!,2025-06-18 17:35
nour_user_2513,"i liked the main features work well, yet the instructions are confusing. <div> http://review.example.org/item tbh!!",2025-06-06 03:05
sara_dev_6807,"the delivery took forever, although the service was friendly. ngl :(",2025-10-25 03:18
techfan88_8900,"  Five stars from me, great job! <div> idk  ",2025-12-06 14:37
nour_user_1030,"one star, this was a complete waste of money. <div> https://example.com ngl :)",2025-05-31 22:41
testuser77_6893,IT WAS NOTHING LIKE THE DESCRIPTION. <p> http://review.example.org/item btw,2025-10-11 22:36
reviewer_pro_9579,"THIS APP IS SIMPLE, FAST, AND REALLY USEFUL. <br> :(",2025-01-15 13:20
testuser77_9442,  This Was One Of My Worst Purchases. <div> https://example.com btw  ,2025-10-05 07:38
sam_review_106,the delivery was late and the package was damaged. <strong>!!! 😍,2025-09-14 11:25
johnny_b_6399,The experience was smooth and enjoyable. https://example.com ngl!!!,2025-11-02 10:55
emma_01_8957,"I LIKED THE DESIGN IS BEAUTIFUL, YET THE DELIVERY TOOK FOREVER.!!!",2025-06-10 22:11
sam_review_3605,The Food Was Cold And Tasted Terrible. <div> http://review.example.org/item asap :),2025-07-19 01:53
nour_user_7966,The whole experience was frustrating. tbh,2025-01-22 11:14
nour_user_5517,"i absolutely loved this product, it works perfectly. <div> 😡",2025-10-22 17:56
adam_codes_2714,"I hated this product, it stopped working after one day. <div> idk :(",2025-12-07 16:14
reviewer_pro_2101,"At First I Thought The Price Is Too High; Unfortunately, The Main Features Work Well. <p> https://example.com fyi",2025-01-20 23:16
reviewer_pro_6465,This was one of my worst purchases. <p> http://review.example.org/item tbh!!,2025-01-21 01:38
sara_dev_7032,EXCELLENT PERFORMANCE WITH NO PROBLEMS SO FAR. <strong> http://review.example.org/item!!!,2025-04-10 03:31
testuser77_7574,"the product feels premium however, the price is too high. <strong> http://review.example.org/item idk",2025-05-13 15:56
alex_92_4272,Very Unreliable And Inconvenient. <div> http://review.example.org/item,2025-10-04 09:19
techfan88_3477,The interface is messy and difficult to understand. <strong> https://example.com fyi,2025-11-28 10:26
techfan88_5539,The interface is messy and difficult to understand. http://review.example.org/item!!!,2025-10-04 09:42
johnny_b_6916,THIS WAS ONE OF THE BEST PURCHASES I HAVE MADE. <strong> idk :(,2025-07-04 00:45
testuser77_1351,Great Service And Friendly Support Team. https://example.com fyi,2025-12-09 19:12
alex_92_8847,Super Convenient And Reliable. <p> http://review.example.org/item,2025-02-08 06:15
techfan88_3683,"The Product Is The Delivery Took Forever, But The The Product Feels Premium. <strong> http://review.example.org/item imo!!!",2025-02-20 07:11
maria_x_669,The Experience Was Smooth And Enjoyable. idk,2025-01-23 22:17
lina23_3276,"Five stars from me, great job! <div> http://review.example.org/item fyi!!",2025-01-16 04:09
karim_tn_2506,The Food Was Delicious And The Portions Were Generous. <p> https://example.com,2025-06-24 00:52
mike_reviews_7768,Really disappointed with how poorly this works. <p> http://review.example.org/item!!!,2025-03-25 15:06
karim_tn_3581,the food was cold and tasted terrible. <div> asap :(,2025-12-05 23:03
adam_codes_4208,"  terrible experience, i definitely regret buying it. <div> https://example.com fyi  ",2025-09-26 22:54
mike_reviews_9936,Customer support solved my problem in minutes. <br> idk...,2025-03-25 17:36
maria_x_2693,"one star, this was a complete waste of money. <strong> http://review.example.org/item??",2025-08-15 19:47
sara_dev_9491,THE INTERFACE LOOKS CLEAN AND IS EASY TO USE. <br> https://example.com!!!,2025-01-20 00:45
reviewer_pro_5121,the quality is awful and feels very cheap. <p> https://example.com asap 😡,2025-10-01 14:57
nour_user_3259,"the setup was easy, although customer support was disappointing. <strong> idk 😡",2025-02-25 16:08
karim_tn_3988,"honestly, the instructions are confusing, but the main features work well. <strong> http://review.example.org/item btw :(",2025-03-16 12:51
adam_codes_4951,  Very disappointed with my purchase. <br> https://example.com??  ,2025-03-30 11:35
maria_x_9282,The Quality Is Excellent And Better Than I Expected. http://review.example.org/item imo??,2025-01-31 05:44
techfan88_8738,"very happy with my purchase, everything arrived quickly. <div> https://example.com :)",2025-11-09 06:26
zoe_online_6081,"i absolutely loved this product, it works perfectly. <p> ngl :(",2025-02-20 13:06
emma_01_5600,"This app is slow, confusing, and crashes constantly. <p> ngl",2025-01-10 13:06
testuser77_6892,Amazing experience from start to finish! ngl!!,2025-12-24 06:53
sara_dev_7112,customer support solved my problem in minutes. asap,2025-09-22 01:41
zoe_online_7542,I AM VERY SATISFIED WITH THE RESULTS. https://example.com,2025-04-22 17:42
nour_user_2895,"THE APP CRASHES TOO OFTEN, ALTHOUGH THE IDEA IS EXCELLENT. <strong> http://review.example.org/item...",2025-07-17 00:01
karim_tn_8827,I Am Very Satisfied With The Results. http://review.example.org/item fyi,2025-12-19 09:43
sam_review_7146,  I am very satisfied with the results. <strong> http://review.example.org/item tbh  ,2025-07-15 18:33
techfan88_4032,customer support was rude and completely unhelpful. <div> http://review.example.org/item fyi 😡,2025-03-05 10:32
johnny_b_7395,My problem was ignored by customer support. ngl??,2025-06-27 21:49
maria_x_7623,This was one of my worst purchases. <strong> http://review.example.org/item idk,2025-10-04 07:19
techfan88_480,the delivery was fast and the package was perfect. <strong> http://review.example.org/item :(,2025-12-27 06:37
testuser77_5335,Great Service And Friendly Support Team. <strong> idk??,2025-05-13 17:52
sam_review_3485,i am very satisfied with the results. https://example.com,2025-09-16 17:00
maria_x_4242,THE QUALITY IS AWFUL AND FEELS VERY CHEAP. <strong> https://example.com,2025-09-06 03:51
johnny_b_9777,"I Liked The App Crashes Too Often, Yet The Idea Is Excellent. <strong> https://example.com fyi...",2025-07-21 12:08
emma_01_176,"  Five Stars From Me, Great Job! <p> asap 😡  ",2025-05-20 10:57
sara_dev_3964,THE QUALITY IS EXCELLENT AND BETTER THAN I EXPECTED. <br>!!! 😍,2025-10-24 06:50
sam_review_9106,It was nothing like the description. <div>,2025-06-25 07:57
adam_codes_7810,Amazing experience from start to finish! <br> http://review.example.org/item!!,2025-12-24 17:43
sam_review_292,"i hated this product, it stopped working after one day. <p> http://review.example.org/item idk!!!",2025-03-10 02:13
johnny_b_3640,I WOULD NOT RECOMMEND THIS TO ANYONE. <div> https://example.com imo??,2025-10-22 19:25
adam_codes_3996,it was nothing like the description. <p> idk :),2025-08-12 07:20
zoe_online_9538,CUSTOMER SUPPORT SOLVED MY PROBLEM IN MINUTES. <strong> imo :),2025-09-27 01:05
sam_review_9078,"i absolutely loved this product, it works perfectly. <strong> https://example.com btw",2025-09-08 15:35
nour_user_9027,"HONESTLY, THE MAIN FEATURES WORK WELL, BUT THE INSTRUCTIONS ARE CONFUSING. imo :(",2025-08-30 04:59
techfan88_7444,THE INTERFACE IS MESSY AND DIFFICULT TO UNDERSTAND. <strong> https://example.com idk :),2025-07-17 14:36
johnny_b_4128,everything was exactly as described. <strong> http://review.example.org/item idk,2025-06-18 04:56
sara_dev_3165,EXCELLENT PERFORMANCE WITH NO PROBLEMS SO FAR. <div> https://example.com,2025-08-19 02:36
sara_dev_8789,"The product is the service was friendly, but the the delivery took forever. <div> http://review.example.org/item!!! 😍",2025-05-16 03:43
lina23_3555,"THIS APP IS SIMPLE, FAST, AND REALLY USEFUL. <div> http://review.example.org/item ngl!!! 😍",2025-12-19 21:59
johnny_b_9669,  EVERYTHING WAS EXACTLY AS DESCRIBED. <strong> https://example.com btw  ,2025-07-26 09:45
sara_dev_3190,"  I absolutely loved this product, it works perfectly. tbh  ",2025-08-05 01:16
lina23_5922,THE WHOLE EXPERIENCE WAS FRUSTRATING. https://example.com :),2025-05-11 23:58
johnny_b_241,the food was delicious and the portions were generous. <br> https://example.com asap 😡,2025-04-03 12:11
johnny_b_755,the quality is awful and feels very cheap. <div> https://example.com,2025-02-10 00:54
emma_01_4796,I Am Unhappy With The Results. <div> https://example.com??,2025-04-03 06:53
zoe_online_8052,"this app is slow, confusing, and crashes constantly. <div> http://review.example.org/item btw :)",2025-03-17 00:50
testuser77_210,I would definitely recommend this to my friends. http://review.example.org/item asap,2025-07-27 09:11
sam_review_7853,"the product is customer support was disappointing, but the the product feels premium. <br> https://example.com asap 😡",2025-11-18 01:45
techfan88_3030,"THE PRODUCT FEELS PREMIUM HOWEVER, CUSTOMER SUPPORT WAS DISAPPOINTING. <div> http://review.example.org/item fyi!!",2025-02-07 17:52
johnny_b_7837,"THE SETUP WAS EASY HOWEVER, THE PRICE IS TOO HIGH. <strong> https://example.com idk",2025-03-25 09:49
testuser77_1080,"The Battery Is Terrible, Although The Idea Is Excellent. <div> https://example.com :)",2025-10-20 02:52
sam_review_1223,AMAZING EXPERIENCE FROM START TO FINISH! <p> http://review.example.org/item imo 😡,2025-02-09 08:53
mike_reviews_2454,I Am Unhappy With The Results. <div> btw,2025-08-10 13:54
sara_dev_4076,"terrible experience, i definitely regret buying it. https://example.com asap :)",2025-03-28 14:05
emma_01_6828,  This was one of my worst purchases. <p> http://review.example.org/item :)  ,2025-06-14 16:10
maria_x_8571,  MY PROBLEM WAS IGNORED BY CUSTOMER SUPPORT. <div> :(  ,2025-10-05 07:35
sam_review_7263,Amazing experience from start to finish! <br>!!,2025-08-05 20:37
testuser77_9652,"Very Happy With My Purchase, Everything Arrived Quickly. <br>",2025-11-09 14:20
johnny_b_9326,amazing experience from start to finish! <br> http://review.example.org/item tbh!!! 😍,2025-02-14 04:36
karim_tn_1635,CUSTOMER SUPPORT WAS RUDE AND COMPLETELY UNHELPFUL. <p> http://review.example.org/item btw,2025-06-01 15:21
zoe_online_3467,"This app is slow, confusing, and crashes constantly. <div> http://review.example.org/item",2025-07-13 01:01
zoe_online_1340,The Food Was Delicious And The Portions Were Generous. <strong> http://review.example.org/item :),2025-04-25 16:46
lina23_2857,"Honestly, the delivery took forever, but the setup was easy. <br> https://example.com!!!",2025-02-24 23:51
mike_reviews_53,"This App Is Simple, Fast, And Really Useful....",2025-10-25 19:21
sam_review_9739,"ONE STAR, THIS WAS A COMPLETE WASTE OF MONEY. <p> :(",2025-12-09 12:18
johnny_b_544,Customer support solved my problem in minutes. <strong> https://example.com imo 😡,2025-06-18 21:20
johnny_b_4642,"THE PRODUCT IS THE DELIVERY TOOK FOREVER, BUT THE THE SETUP WAS EASY. <br> https://example.com!!",2025-11-27 22:46
sara_dev_3834,I WOULD NOT RECOMMEND THIS TO ANYONE. http://review.example.org/item ngl!!! 😍,2025-07-12 23:25
maria_x_9673,"terrible experience, i definitely regret buying it. <p>!!! 😍",2025-05-25 09:08
